fact_column,source_column,transformation,relation,consumption_type
EmissionActivityID,null,auto incremental value,null,
DateKey,invoice_date,convert to date key format (YYYYMMDD),DE1_Date.DateKey->FE1_EmissionActivityData.DateKey,
CountryID,user_input,find country id from user input,DE1_Company.CountryID->FE1_EmissionActivityData.CountryID,
CompanyID,user_input,find company id from user input,DE1_Company.CompanyID->FE1_EmissionActivityData.CompanyID,
OrganizationalUnitID,null,null,null,
ActivityCategoryID,user_input,find activity category id from user input,DE1_ActivityCategory.ActivityCategoryID->FE1_EmissionActivityData.ActivityCategoryID,
ActivitySubcategoryID,user_input,find activity subcategory id from user input,DE1_ActivitySubcategory.ActivitySubcategoryID->FE1_EmissionActivityData.ActivitySubcategoryID,
ActivityEmissionSourceID,null,null,null,
ActivityEmissionSourceProviderID,supplier_name,null,null,
EmissionFactorID,null,null,null,
PaidAmount,invoice_amount,null,null,
CurrencyID,unit_price_currency,map currency to ID,null,
ConsumptionAmount,consumption_value,null,null,Energy
UnitID,consumption_unit,map unit to ID,DE1_Unit.UnitID->FE1_EmissionActivityData.UnitID,
ScopeID,null,null,null,
