{
  "EmissionActivityID": {
    "source_column": "null",
    "transformation": "auto incremental value",
    "relation": "null"
  },
  "DateKey": {
    "source_column": "invoice_date",
    "transformation": "convert to date key format (YYYYMMDD)",
    "relation": "DE1_Date.DateKey->FE1_EmissionActivityData.DateKey"
  },
  "CountryID": {
    "source_column": "user_input",
    "transformation": "find country id from user input",
    "relation": "DE1_Company.CountryID->FE1_EmissionActivityData.CountryID"
  },
  "CompanyID": {
    "source_column": "user_input",
    "transformation": "find company id from user input",
    "relation": "DE1_Company.CompanyID->FE1_EmissionActivityData.CompanyID"
  },
  "OrganizationalUnitID": {
    "source_column": "null",
    "transformation": "null",
    "relation": "null"
  },
  "ActivityCategoryID": {
    "source_column": "user_input",
    "transformation": "find activity category id from user input",
    "relation": "DE1_ActivityCategory.ActivityCategoryID->FE1_EmissionActivityData.ActivityCategoryID"
  },
  "ActivitySubcategoryID": {
    "source_column": "user_input",
    "transformation": "find activity subcategory id from user input",
    "relation": "DE1_ActivitySubcategory.ActivitySubcategoryID->FE1_EmissionActivityData.ActivitySubcategoryID"
  },
  "ActivityEmissionSourceID": {
    "source_column": "null",
    "transformation": "null",
    "relation": "null"
  },
  "ActivityEmissionSourceProviderID": {
    "source_column": "supplier_name",
    "transformation": "null",
    "relation": "null"
  },
  "EmissionFactorID": {
    "source_column": "null",
    "transformation": "null",
    "relation": "null"
  },
  "PaidAmount": {
    "source_column": "invoice_amount",
    "transformation": "null",
    "relation": "null"
  },
  "CurrencyID": {
    "source_column": "unit_price_currency",
    "transformation": "map currency to ID",
    "relation": "null"
  },
  "ConsumptionAmount": {
    "source_column": "consumption_value",
    "consumption_type": "Energy",
    "transformation": "null",
    "relation": "null"
  },
  "UnitID": {
    "source_column": "consumption_unit",
    "transformation": "map unit to ID",
    "relation": "DE1_Unit.UnitID->FE1_EmissionActivityData.UnitID"
  },
  "ScopeID": {
    "source_column": "null",
    "transformation": "null",
    "relation": "null"
  }
}